"","V1","V2","V3","V4","V5"
"row","0571IbnCasakir","0571IbnCasakir.TarikhDimashq","8151139","26","8728850"
"row","0855BadrDinCayni","0855BadrDinCayni.CumdatQari","4650146","5","8661475"
"row","1371MuhsinCamili","1371MuhsinCamili.AcyanShica","4621193","1","4621193"
"row","0748Dhahabi","0748Dhahabi.TarikhIslam","3316928","43","8282814"
"row","1389AghaBuzurgTihrani","1389AghaBuzurgTihrani.DharicaFiTasanifShica","2682546","4","2827475"
"row","0742Mizzi","0742Mizzi.TahdhibKamal","2593699","4","3896854"
"row","0463KhatibBaghdadi","0463KhatibBaghdadi.TarikhBaghdad","2542828","28","4017979"
"row","0733Nuwayri","0733Nuwayri.NihayaArab","2398344","1","2398344"
"row","0711IbnManzurIfriqi","0711IbnManzurIfriqi.MukhtasarTarikhDimashq","2397264","3","5537129"
"row","1413TajDinKhui","1413TajDinKhui.MucjamRijal","2210143","3","2423022"
"row","0774IbnKathir","0774IbnKathir.Bidaya","2192611","15","6080207"
"row","0764Safadi","0764Safadi.WafiBiWafayat","1960061","9","2822368"
"row","0726CallamaHilli","0726CallamaHilli.TadhkiratFuqaha","1605923","19","5732439"
"row","0360Tabarani","0360Tabarani.MucjamKabir","1539036","15","2892115"
"row","0355AbuFarajIsbahani","0355AbuFarajIsbahani.Aghani","1527426","4","1686829"
"row","0310Tabari","0310Tabari.Tarikh","1463197","7","4530288"
"row","0808IbnKhaldun","0808IbnKhaldun.Tarikh","1459119","2","1514502"
"row","0597IbnJawzi","0597IbnJawzi.Muntazam","1414449","50","5583862"
"row","0630IbnAthirCizzDin","0630IbnAthirCizzDin.Kamil","1349726","3","2626400"
"row","0902Sakhawi","0902Sakhawi.DuLamic","1317248","13","2390909"
"row","0852IbnHajarCasqalani","0852IbnHajarCasqalani.TahdhibTahdhib","1293865","50","15705054"
"row","0660IbnCadim","0660IbnCadim.BughyatTalib","1278397","3","1394198"
"row","0430AbuNucaymIsbahani","0430AbuNucaymIsbahani.HilyaAwliya","1182043","27","2994846"
"row","1396KhayrDinZirikli","1396KhayrDinZirikli.Aclam","1148105","1","1148105"
"row","0749ShihabDinCumari","0749ShihabDinCumari.MasalikAbsar","1128239","2","1185602"
"row","0626YaqutHamawi","0626YaqutHamawi.MucjamBuldan","1124184","3","1895846"
"row","0874IbnTaghribirdi","0874IbnTaghribirdi.NujumZahira","1123232","4","1575560"
"row","0279Baladhuri","0279Baladhuri.AnsabAshraf","1107225","2","1229196"
"row","0327IbnAbiHatimRazi","0327IbnAbiHatimRazi.JarhWaTacdil","1051509","6","2404108"
"row","1089IbnCimad","1089IbnCimad.Shadharat","1012746","2","1040182"
"row","0365IbnCadiJurjani","0365IbnCadiJurjani.KamilFiDucafa","928000","2","934987"
"row","0230IbnSacd","0230IbnSacd.TabaqatKubra","912098","3","962264"
"row","1405CaliShahrudi","1405CaliShahrudi.Mustadrakat","904681","2","2275589"
"row","1408CumarKahhala","1408CumarKahhala.MucjamMuallifin","892805","2","1302389"
"row","0762MughaltayIbnQalij","0762MughaltayIbnQalij.IkmalTahdhib","849175","3","1291022"
"row","0475IbnMakula","0475IbnMakula.IkmalFiRafcIrtiyab","841470","2","895904"
"row","0561Samcani","0561Samcani.Ansab","833968","5","1177395"
"row","1041Maqarri","1041Maqarri.NafhTib","833215","2","1018481"
"row","0845Maqrizi","0845Maqrizi.Suluk","821824","12","3716018"
"row","1158IbnCaliFaruqiTahanawi","1158IbnCaliFaruqiTahanawi.KashshafIstalahat","721042","1","721042"
"row","0771Subki","0771Subki.TabaqatShaficiyaKubra","668381","7","1061250"
"row","0421Miskawayh","0421Miskawayh.Tajarib","664741","3","772533"
"row","0681IbnKhallikan","0681IbnKhallikan.WafayatAcyan","661179","1","661179"
"row","1341CabdHayyTalibi","1341CabdHayyTalibi.IclamBiMan","632700","1","632700"
"row","1111MuhammadAminMuhibbi","1111MuhammadAminMuhibbi.KhulasaAthr","621281","3","1058651"
"row","1101MuhammadCaliArdabili","1101MuhammadCaliArdabili.JamicRuwat","612459","1","612459"
"row","1269CabdMalikCasimi","1269CabdMalikCasimi.SamtNujum","590916","1","590916"
"row","0542IbnBassamShantarini","0542IbnBassamShantarini.Dhakhira","576227","1","576227"
"row","1067HajjiKhalifa","1067HajjiKhalifa.KashfZunun","557475","1","557475"
"row","0842IbnNasirDinDimashqi","0842IbnNasirDinDimashqi.TawdihMushtabih","546073","10","609393"
"row","1368HasanAmin","1368HasanAmin.MustadrakatAcyanShica","534443","1","534443"
"row","0314IbnActhamKufi","0314IbnActhamKufi.Futuh","531581","1","531581"
"row","0458Bayhaqi","0458Bayhaqi.DalailNubuwwa","525097","23","5382458"
"row","0354IbnHibbanBusti","0354IbnHibbanBusti.Thiqat","517090","5","963946"
"row","1237Jabarti","1237Jabarti.CajaibAthar","512125","1","512125"
"row","1315AbuMacaliKalbasi","1315AbuMacaliKalbasi.RasailRijaliyya","500511","1","500511"
"row","0256Bukhari","0256Bukhari.TarikhKabir","487518","13","1480352"
"row","1315Salawi","1315Salawi.IstiqsaLiAhkbar","462340","1","462340"
"row","0776LisanDinIbnKhatib","0776LisanDinIbnKhatib.Ihata","436537","8","842687"
"row","0879IbnQutlubugha","0879IbnQutlubugha.Thiqat","426458","5","481189"
"row","0768Yafici","0768Yafici.MiratJanan","422476","2","451455"
"row","1450MuhammadAbtahi","1450MuhammadAbtahi.TahdhibMaqal","418118","1","418118"
"row","1122MuhammadZarqani","1122MuhammadZarqani.SharhCalaMawahib","415276","2","1362223"
"row","1351IbnHusaynGhazzi","1351IbnHusaynGhazzi.NahrDhahab","415097","1","415097"
"row","1372KurdCali","1372KurdCali.KhitatSham","408058","1","408058"
"row","0893IbnAbiBakrHadari","0893IbnAbiBakrHadari.BahjatMahafil","400358","1","400358"
"row","1339IsmacilBashaBaghdadi","1339IsmacilBashaBaghdadi.HadiyatCarifin","399431","2","679663"
"row","0463IbnCabdBarr","0463IbnCabdBarr.IsticabFiMacrifaAshab","395188","11","3578519"
"row","0597CimadDinKatib","0597CimadDinKatib.KharidaQasr","383892","3","502105"
"row","0346Mascudi","0346Mascudi.MurujDhahab","381916","3","523758"
"row","0911Samhudi","0911Samhudi.WafaWafa","374383","2","540930"
"row","1100MustafaTafrishi","1100MustafaTafrishi.NaqdRijal","367858","1","367858"
"row","0429AbuMansurThacalibi","0429AbuMansurThacalibi.YatimaDahr","358233","19","935451"
"row","1351YusufIlyanSarkis","1351YusufIlyanSarkis.MucjamMatbucat","357539","1","357539"
"row","1206Muradi","1206Muradi.SilkDurar","356965","1","356965"
"row","0623Qazwini","0623Qazwini.Tadwin","351062","2","1181436"
"row","0676Nawawi","0676Nawawi.TahdhibAsma","348415","21","5818937"
"row","0637IbnMustafwi","0637IbnMustafwi.TarikhIrbil","345445","1","345445"
"row","1335CabdRazzaqBaytar","1335CabdRazzaqBaytar.HilyaBashar","344563","1","344563"
"row","0363QadiNucman","0363QadiNucman.SharhAkhbar","340002","2","572904"
"row","0277IbnSyfyanFasawi","0277IbnSyfyanFasawi.MacrifaWaTarikh","327430","2","343288"
"row","0833IbnJazari","0833IbnJazari.GhayaNihaya","323132","12","883793"
"row","0726Yunini","0726Yunini.DhaylMiratZaman","321877","1","321877"
"row","1212BahrCulum","1212BahrCulum.FawaidRijaliya","319779","1","319779"
"row","0544CiyadIbnMusaYahsubi","0544CiyadIbnMusaYahsubi.TartibMadarik","318764","5","952921"
"row","0923IbnCabdAllahKhazraji","0923IbnCabdAllahKhazraji.KhulasaTahdhib","318023","1","318023"
"row","0262AbuZaydNumayri","0262AbuZaydNumayri.TarikhMadina","318021","1","318021"
"row","0900AbuCabdAllahHimyari","0900AbuCabdAllahHimyari.RawdMictar","317840","1","317840"
"row","0732AbuFida","0732AbuFida.MukhtasarFiAkhbar","315744","2","336708"
"row","1313Barujirdi","1313Barujirdi.Taraif","314788","1","314788"
"row","0693IbnAbiFathIrbili","0693IbnAbiFathIrbili.KashfGhumma","307697","1","307697"
"row","0322AbuJacfarCuqayli","0322AbuJacfarCuqayli.DucafaKabir","307377","1","307377"
"row","0665AbuShama","0665AbuShama.Rawdatayn","306332","7","692651"
"row","0911Suyuti","0911Suyuti.AsmaMudallisin","305692","97","10937074"
"row","0832AbuTayyibFasi","0832AbuTayyibFasi.ShifaGharam","301145","2","475807"
"row","0658IbnAbbar","0658IbnAbbar.TakmilaLiSila","297341","6","550048"
"row","1359CabbasQummi","1359CabbasQummi.Kuna","295253","1","295253"
"row","0213IbnHisham","0213IbnHisham.SiraNabawiyya","285184","2","396469"
"row","1360IbnQasimMakhluf","1360IbnQasimMakhluf.ShajaraNur","285150","1","285150"
"row","1383CadbHayyKattani","1383CadbHayyKattani.FihrisFaharis","283663","1","283663"
"row","0764IbnShakirKutubi","0764IbnShakirKutubi.FawatWafayat","279502","1","279502"
"row","1307Qannawji","1307Qannawji.AbjadCulum","271819","11","2561220"
"row","0732IbnYacqubJanadi","0732IbnYacqubJanadi.SulukFiTabaqat","271212","1","271212"
"row","1318MuhammadSanusi","1318MuhammadSanusi.Musamarat","263089","1","263089"
"row","0272Fakihi","0272Fakihi.AkhbarMakka","261255","1","261255"
"row","0207Waqidi","0207Waqidi.Maghazi","260284","3","543054"
"row","1346LuisShikhuYasuci","1346LuisShikhuYasuci.ShucaraNasraniyya","258396","1","258396"
"row","0287Dahhak","0287Dahhak.AhadWaMathani","256931","8","491139"
"row","0668IbnAbiUsaybica","0668IbnAbiUsaybica.CuyunAnba","252543","1","252543"
"row","0749IbnWardi","0749IbnWardi.Tarikh","251873","1","251873"
"row","0646IbnQifti","0646IbnQifti.InbahRuwat","250739","3","403668"
"row","0779IbnBattuta","0779IbnBattuta.Rihla","243067","1","243067"
"row","1061NajmDinGhazzi","1061NajmDinGhazzi.KawakibSaira","240756","1","240756"
"row","1450SalahMahmudKhaymi","1450SalahMahmudKhaymi.FaharisCulumQuran","237748","1","237748"
"row","1332ZaynabFawwaz","1332ZaynabFawwaz.DurrManthur","236741","1","236741"
"row","0306IbnHayyanDabbi","0306IbnHayyanDabbi.AkhbarQudat","235896","1","235896"
"row","0973CabdWahhabShacrani","0973CabdWahhabShacrani.LawaqihAnwar","231694","3","533658"
"row","0775IbnAbiWafa","0775IbnAbiWafa.JawahirMudiya","226345","1","226345"
"row","0629IbnNuqta","0629IbnNuqta.TakmilaIkmal","223695","3","352999"
"row","0927Nucaymi","0927Nucaymi.DarisFiMadaris","221677","1","221677"
"row","0927Culaymi","0927Culaymi.UnsJalil","215431","1","215431"
"row","0460ShaykhTusi","0460ShaykhTusi.IkhtiyarMacrifaRijal","214344","16","5658583"
"row","0317AbuQasimBaghawi","0317AbuQasimBaghawi.MucjamSahaba","212646","9","247206"
"row","0795IbnRajabHanbali","0795IbnRajabHanbali.DhaylTabaqatHanabila","211385","22","2202788"
"row","0385Daruqutni","0385Daruqutni.MutalifWaMukhtalif","204807","22","1409815"
"row","0241IbnHanbal","0241IbnHanbal.CilalWaMacrifa","204140","16","2418356"
"row","0694MuhibbDinTabari","0694MuhibbDinTabari.RiyadNadira","203593","3","299733"
"row","0645TilimsaniBurri","0645TilimsaniBurri.Jawhara","193702","1","193702"
"row","0400IbnTahirMaqdisi","0400IbnTahirMaqdisi.BadWaTarikh","190943","1","190943"
"row","0292Yacqubi","0292Yacqubi.TarikhYacqubi","190323","2","221620"
"row","1250IbnCaliShawkani","1250IbnCaliShawkani.BadrTalic","189890","18","4646559"
"row","1356AbuHudaKalbasi","1356AbuHudaKalbasi.SamaMaqal","189670","1","189670"
"row","1450MajmacFikrIslami","1450MajmacFikrIslami.MawsucaMuallifiImamiya","188130","1","188130"
"row","0310IbnAhmadDulabi","0310IbnAhmadDulabi.KunaWaAsma","181092","2","206144"
"row","1175MuhammadKarabisi","1175MuhammadKarabisi.IklilManhaj","177583","1","177583"
"row","0474IbnKhalafBaji","0474IbnKhalafBaji.TacdilWaTakhrij","175378","3","1499520"
"row","0642IbnNajjar","0642IbnNajjar.DhaylTarikhBaghdad","174925","3","259920"
"row","1120CaliKhanMadani","1120CaliKhanMadani.DarajatRafica","173624","2","876063"
"row","0487AbuCubaydBakri","0487AbuCubaydBakri.MasalikWaMamalik","172899","2","451117"
"row","1450MuhammadKhayrRamadan","1450MuhammadKhayrRamadan.TakmilaMucjamMuallifin","171106","1","171106"
"row","0508FattalNaysaburi","0508FattalNaysaburi.RawdaWacizin","169925","1","169925"
"row","0526IbnAbiYacla","0526IbnAbiYacla.TabaqatHanabila","168626","3","177647"
"row","0812CaliKhazraji","0812CaliKhazraji.CuqudLuluiyya","166864","1","166864"
"row","1119IbnMacsum","1119IbnMacsum.SulafaCasr","165246","2","455792"
"row","1422MuhammadSalimMuhaysin","1422MuhammadSalimMuhaysin.MucjamHuffazQuran","164475","1","164475"
"row","0421IbnMuhammadMarzuqi","0421IbnMuhammadMarzuqi.AzminaWaAmkina","163761","3","528018"
"row","1010TamimiDari","1010TamimiDari.TabaqatSaniya","160337","1","160337"
"row","0884AbuDharrSibtIbnCajami","0884AbuDharrSibtIbnCajami.KunuzDhahab","159422","1","159422"
"row","0615MuwaffaqDinShafici","0615MuwaffaqDinShafici.MurshidZuwwar","153418","1","153418"
"row","0347IbnYunusSadafi","0347IbnYunusSadafi.Tarikh","153143","1","153143"
"row","0535QawwamSunna","0535QawwamSunna.SiyarSalaf","152652","7","686153"
"row","1338MuhammadFaridBey","1338MuhammadFaridBey.Tarikh","151011","2","209411"
"row","0279IbnAbiKhaythama","0279IbnAbiKhaythama.TarikhKabir","149024","1","149024"
"row","1332HassunBuraqi","1332HassunBuraqi.TarikhKufa","148073","1","148073"
"row","0682ZakariyaQazwini","0682ZakariyaQazwini.AtharBilad","146055","1","146055"
"row","0365IbnFaqihHamadhani","0365IbnFaqihHamadhani.Buldan","144961","1","144961"
"row","0968Tashkubruizadah","0968Tashkubruizadah.ShaqaiqNucmaniyya","144938","1","144938"
"row","0696IbnZahiri","0696IbnZahiri.Mashyakha","140811","1","140811"
"row","1376CabdRahmanSacdi","1376CabdRahmanSacdi.Muallafat","139589","1","139589"
"row","1011SahibMacalim","1011SahibMacalim.TahrirTawusi","139152","1","139152"
"row","0578IbnBashkuwal","0578IbnBashkuwal.Sila","138539","5","289367"
"row","0385IbnNadim","0385IbnNadim.Fihrist","136752","1","136752"
"row","0945ShamsDinDawudi","0945ShamsDinDawudi.TabaqatMufassirin","136631","1","136631"
"row","0351IbnQanic","0351IbnQanic.MucjamSahaba","135240","1","135240"
"row","0249Azraqi","0249Azraqi.AkhbarMakka","134561","1","134561"
"row","0709CaliCalawi","0709CaliCalawi.Majdi","132990","1","132990"
"row","0576IbnMuhammadSilafi","0576IbnMuhammadSilafi.MashyakhaBaghdadiyya","132988","20","404528"
"row","0456IbnHazm","0456IbnHazm.JamharaAnsab","128354","32","3245263"
"row","0953IbnTulun","0953IbnTulun.MufakahaKhillan","126765","6","178327"
"row","0703MuhammadMarrakushi","0703MuhammadMarrakushi.DhaylWaTakmila","126762","1","126762"
"row","0390Muqaddasi","0390Muqaddasi.AhsanTaqasim","125328","1","125328"
"row","1286IcjazHusaynKunturi","1286IcjazHusaynKunturi.KashfHajb","121650","1","121650"
"row","0884IbnMuflih","0884IbnMuflih.MaqsidArshad","121180","3","1264858"
"row","0428IbnManjuwayhIsbahani","0428IbnManjuwayhIsbahani.RijalSahihMuslim","120928","1","120928"
"row","0555IbnQalanisi","0555IbnQalanisi.Tarikh","119840","1","119840"
"row","0395IbnMandahMuhammad","0395IbnMandahMuhammad.FathBab","119106","10","452421"
"row","0367IbnHawqal","0367IbnHawqal.SuraArd","118183","1","118183"
"row","0276IbnQutaybaDinawari","0276IbnQutaybaDinawari.Macarif","117859","15","1278564"
"row","0851IbnQadiShuhba","0851IbnQadiShuhba.TabaqatShaficiya","117607","1","117607"
"row","0403IbnFaradi","0403IbnFaradi.TarikhCulamaAndalus","116572","1","116572"
"row","0684IbnShaddad","0684IbnShaddad.AclaqKhatira","116047","1","116047"
"row","0575IbnKhayrIshbili","0575IbnKhayrIshbili.Fahrasa","115451","1","115451"
"row","1422MuqbilWadici","1422MuqbilWadici.TarajimRijal","114946","1","114946"
"row","0599IbnYahyaDabbi","0599IbnYahyaDabbi.BughyatMultamis","114657","1","114657"
"row","1037CabdQadirCaydarus","1037CabdQadirCaydarus.TarikhNurSafir","113209","1","113209"
"row","0799IbnFarhun","0799IbnFarhun.DibajMudhahhab","112659","2","362715"
"row","0565IbnZaydBayhaqi","0565IbnZaydBayhaqi.TarikhBayhaq","110400","3","206653"
"row","1346CbdQadirBadran","1346CbdQadirBadran.Munadama","110084","2","196981"
"row","1331IbnAminShinqiti","1331IbnAminShinqiti.WasitFiTarajim","108414","1","108414"
"row","0685IbnSacidMaghribi","0685IbnSacidMaghribi.Mughrib","107617","6","339839"
"row","0369AbuShaykhIsbahani","0369AbuShaykhIsbahani.TabaqatMuhaddithin","107275","10","375991"
"row","0257IbnCabdHakam","0257IbnCabdHakam.FutuhMisr","106706","1","106706"
"row","0233YahyaIbnMacin","0233YahyaIbnMacin.TarikhIbnMacin","106442","5","185434"
"row","0828IbnCinaba","0828IbnCinaba.CumdatTalib","106073","1","106073"
"row","0240KhalifaIbnKhayyat","0240KhalifaIbnKhayyat.Tarikh","105147","3","194457"
"row","0427HamzaJurjani","0427HamzaJurjani.TarikhJurjan","103409","2","127232"
"row","1313VanDyck","1313VanDyck.IktifaQunuc","101623","1","101623"
"row","0507AbuBakrShashi","0507AbuBakrShashi.HilyaCulama","96819","2","97773"
"row","0300MuallifMajhul","0300MuallifMajhul.AkhbarDawlaCabbasiya","96358","1","96358"
"row","0685IbnCibri","0685IbnCibri.TarikhMukhtasarDuwal","95921","1","95921"
"row","0854IbnDiyaMakki","0854IbnDiyaMakki.TarikhMakka","95766","2","98576"
"row","0448HilalSabi","0448HilalSabi.TuhfaUmara","95179","2","116596"
"row","0821Qalqashandi","0821Qalqashandi.NihayaArab","94418","4","1769793"
"row","0641Sarifini","0641Sarifini.Muntakhab","94111","1","94111"
"row","1334NajmDinTabasi","1334NajmDinTabasi.RijalKhaqani","93636","5","153139"
"row","1041BurhanDinMaliki","1041BurhanDinMaliki.BahjaMahafil","93026","1","93026"
"row","0282AbuHanifaDinawari","0282AbuHanifaDinawari.AkhbarTiwal","92353","1","92353"
"row","0450Najashi","0450Najashi.Rijal","88372","1","88372"
"row","0204IbnKalbi","0204IbnKalbi.NasabMacad","88072","3","115183"
"row","0398AbuNasrKalabadhi","0398AbuNasrKalabadhi.HidayaWaIrshad","87142","1","87142"
"row","0575IbnBabawayh","0575IbnBabawayh.Fihrist","86367","2","109130"
"row","0384IbnCimranMarzubani","0384IbnCimranMarzubani.MucjamShucara","85553","5","227210"
"row","0580IbnCimrani","0580IbnCimrani.InbaFiTarikhKhulafa","85474","1","85474"
"row","0256ZubayrIbnBakkar","0256ZubayrIbnBakkar.AkhbarMuwaffaqiyat","85182","3","148034"
"row","0488IbnFutuhHumaydi","0488IbnFutuhHumaydi.JadhwaMuqtabis","84577","5","627743"
"row","1424IhsanCabbas","1424IhsanCabbas.ShadharatMinKutubMafquda","83420","2","117735"
"row","0741KhatibTabrizi","0741KhatibTabrizi.Ikmal","83323","2","377526"
"row","1354HasanSadr","1354HasanSadr.Takmila","83219","1","83219"
"row","0580IbnCaliIbnAbiYacla","0580IbnCaliIbnAbiYacla.TajridAsmaWaKuna","83158","1","83158"
"row","0446AbuYaclaKhalili","0446AbuYaclaKhalili.IrshadFiMacrifaCulama","80216","2","83168"
"row","1153IbnKannan","1153IbnKannan.YawmiyyatShamiyya","78989","1","78989"
"row","0744MuhammadIbnQudamaMaqdisi","0744MuhammadIbnQudamaMaqdisi.CuqudDurriyya","76218","6","1138931"
"row","0281AbuZurcaDimashqi","0281AbuZurcaDimashqi.Tarikh","75006","2","89047"
"row","0733IbnJamacaBadrDinHamawi","0733IbnJamacaBadrDinHamawi.Mashyakha","73993","8","204300"
"row","0761IbnKaykaldi","0761IbnKaykaldi.JamicTahsil","73903","2","76870"
"row","0614IbnJubayr","0614IbnJubayr.Rihla","73841","1","73841"
"row","0904Burayhi","0904Burayhi.TabaqatSulahaYaman","73683","1","73683"
"row","0767Balawi","0767Balawi.TajMafriq","73542","1","73542"
"row","0261AbuHasanCijli","0261AbuHasanCijli.MacrifatThiqat","72322","1","72322"
"row","0709IbnTiqtaqa","0709IbnTiqtaqa.FakhriFiAdab","71630","1","71630"
"row","0292Bahshal","0292Bahshal.TarikhWasit","71502","1","71502"
"row","0723IbnFuwati","0723IbnFuwati.Hawadith","71226","1","71226"
"row","0730MuhammadTujibi","0730MuhammadTujibi.Barnamaj","70911","1","70911"
"row","1330IbnMusaTabrizi","1330IbnMusaTabrizi.MiratKutub","70798","1","70798"
"row","0333AbuCarabTamimi","0333AbuCarabTamimi.Mihan","69643","2","97650"
"row","0296IbnMuctazz","0296IbnMuctazz.TabaqatShucara","69039","3","133563"
"row","1306MullaCaliKanni","1306MullaCaliKanni.TawdihMaqal","68549","1","68549"
"row","0673AbuMahasinYaghmuri","0673AbuMahasinYaghmuri.NurQabas","68518","1","68518"
"row","1147CabdAllahSancani","1147CabdAllahSancani.TarikhYaman","68452","1","68452"
"row","0750AbuHafsQazwini","0750AbuHafsQazwini.Mashyakha","67799","1","67799"
"row","0412Sulami","0412Sulami.TabaqatSufiya","67692","9","349656"
"row","0535QadiMaristan","0535QadiMaristan.Mashyakha","67545","1","67545"
"row","0647CabdWahidMarrakushi","0647CabdWahidMarrakushi.Mucjib","67539","1","67539"
"row","0690IbnMujawirDimashqi","0690IbnMujawirDimashqi.TarikhMustabsir","65320","1","65320"
"row","0639AbuBakrMalaqi","0639AbuBakrMalaqi.MatlacAnwar","64384","1","64384"
"row","0740IbnDawudHilli","0740IbnDawudHilli.Rijal","63954","1","63954"
"row","0816AbuBakrMaraghi","0816AbuBakrMaraghi.Mashyakha","63556","2","72636"
"row","1232IbnKhatibCumari","1232IbnKhatibCumari.RawdaFayha","62930","1","62930"
"row","0584IbnMusaHazimi","0584IbnMusaHazimi.Amakin","62740","3","158625"
"row","0826IbnCiraqi","0826IbnCiraqi.TuhfaTahsil","62447","2","65489"
"row","0793AbuHasanMalaqi","0793AbuHasanMalaqi.TarikhQudat","61481","1","61481"
"row","0643IbnSalahShahrazuri","0643IbnSalahShahrazuri.TabaqatFuqaha","61392","7","354684"
"row","0871IbnFahdMakki","0871IbnFahdMakki.LahzAlhaz","60776","1","60776"
"row","1450CabdRahmanAlShaykh","1450CabdRahmanAlShaykh.Mashahir","60226","1","60226"
"row","0584IbnMunqidhShayzari","0584IbnMunqidhShayzari.ManazilWaDiyar","60085","5","252736"
"row","0938IbnCaliBalawi","0938IbnCaliBalawi.Thabat","59855","1","59855"
"row","0774IbnRaficSallami","0774IbnRaficSallami.Wafayat","58984","2","65327"
"row","0261Muslim","0261Muslim.KunaWaAsma","58871","5","825639"
"row","1424MuhammadCaliAbtahi","1424MuhammadCaliAbtahi.TarikhAlZarara","58794","1","58794"
"row","0521MuhammadHamadhani","0521MuhammadHamadhani.TakmilaTarikhTabari","58155","1","58155"
"row","0325IbnSahlRazi","0325IbnSahlRazi.AkhbarFakhkh","57219","1","57219"
"row","1069ShihabDinKhafaji","1069ShihabDinKhafaji.RayhanaAlibba","57007","2","2103302"
"row","0714AhmadGhibrini","0714AhmadGhibrini.CunwanDiraya","54065","1","54065"
"row","0804IbnMulaqqin","0804IbnMulaqqin.TabaqatAwliya","53518","10","1355605"
"row","0231IbnSallamJumahi","0231IbnSallamJumahi.TabaqatFuhulShucara","53016","1","53016"
"row","0765AbuMahasinHusayni","0765AbuMahasinHusayni.IkmalLiRijal","51674","2","66524"
"row","0355MuhammadKindi","0355MuhammadKindi.WulatMisr","50626","3","93655"
"row","0370IbnBishrAmidi","0370IbnBishrAmidi.MutalifWaMukhtalif","50545","2","111401"
"row","1381MuhammadSancani","1381MuhammadSancani.MulhaqBadr","50413","1","50413"
"row","0550AbuHajjajAshcari","0550AbuHajjajAshcari.TacrifBiAnsab","50253","1","50253"
"row","1293MahdiKujuriShirazi","1293MahdiKujuriShirazi.FawaidRijaliyya","50226","1","50226"
"row","1070MuhammadKibrit","1070MuhammadKibrit.RihlaShita","50208","1","50208"
"row","0606IbnMamati","0606IbnMamati.LataifDhakhira","50099","1","50099"
"row","0841BurhanDinSibtIbnCajami","0841BurhanDinSibtIbnCajami.KashfHathith","49836","3","61492"
"row","0806IbnHusaynZaynDinCiraqi","0806IbnHusaynZaynDinCiraqi.DhaylMizan","48266","12","1481164"
"row","0280IbnTayfur","0280IbnTayfur.Baghdad","48222","2","101453"
"row","0611SharafDinMuqaddasi","0611SharafDinMuqaddasi.Arbacin","46864","2","55591"
"row","0782IbnSallar","0782IbnSallar.TabaqatQurra","46583","1","46583"
"row","0748IbnDimyati","0748IbnDimyati.Mustafad","46506","1","46506"
"row","0569CumaraHakami","0569CumaraHakami.NukatCasriyya","46185","1","46185"
"row","0617MansurIbnShahanshah","0617MansurIbnShahanshah.MidmarHaqaiq","44871","1","44871"
"row","0749Wadiashi","0749Wadiashi.Barnamaj","43380","1","43380"
"row","0922IbnShaykhTarabulusi","0922IbnShaykhTarabulusi.IscafAwqaf","43272","1","43272"
"row","0577IbnAnbari","0577IbnAnbari.NuzhaAlibba","43215","1","43215"
"row","0680IbnSabuni","0680IbnSabuni.TakmilaIkmalIkmal","41743","1","41743"
"row","0507IbnQaysarani","0507IbnQaysarani.AnsabMuttafiqa","41664","11","709794"
"row","0436HusaynSaymari","0436HusaynSaymari.AkhbarAbiHanifa","40683","1","40683"
"row","0300IbnKhurdadhbih","0300IbnKhurdadhbih.MasalikWaMamalik","40295","2","46908"
"row","0320CaribQurtubi","0320CaribQurtubi.SilaTarikhTabari","39359","1","39359"
"row","1100IbnMuhammadAdnahwi","1100IbnMuhammadAdnahwi.TabaqatMufassirin","39321","1","39321"
"row","0905Basrawi","0905Basrawi.Tarikh","39273","1","39273"
"row","0388Shabushti","0388Shabushti.Diyarat","38757","1","38757"
"row","1345IbnJacfarKattani","1345IbnJacfarKattani.RisalaMustatrafa","38659","3","95821"
"row","1450MuhammadHadiAmini","1450MuhammadHadiAmini.MucjamMatbicatNajafiya","36655","1","36655"
"row","1347BashirYamut","1347BashirYamut.Shacirat","36623","1","36623"
"row","0200IbnCumarDabbi","0200IbnCumarDabbi.Fitna","35184","1","35184"
"row","0817MajdDinFiruzabadi","0817MajdDinFiruzabadi.BulghaFiTarajim","34921","6","1219089"
"row","0379MuhammadRabci","0379MuhammadRabci.TarikhMawlidCulama","34338","3","45062"
"row","1175AhmadBudayri","1175AhmadBudayri.HawadithDimashq","32587","1","32587"
"row","1078RiyadZadah","1078RiyadZadah.AsmaKutub","32584","1","32584"
"row","1355AhmadTahtawi","1355AhmadTahtawi.TanbihWaIqaz","31730","1","31730"
"row","1450WalidUmawi","1450WalidUmawi.MucjamAshabIbnTaymiyya","31646","1","31646"
"row","0400MuallifMajhul","0400MuallifMajhul.HududCalam","29871","1","29871"
"row","0500IbnHusaynGhadairiWasiti","0500IbnHusaynGhadairiWasiti.Rijal","29842","1","29842"
"row","0405HakimNaysaburi","0405HakimNaysaburi.TalkhisTarikhNaysabur","29726","7","1000025"
"row","0214IbnCabdHakamMisri","0214IbnCabdHakamMisri.SiratCumarIbnCabdCaziz","29429","1","29429"
"row","0476AbuIshaqShirazi","0476AbuIshaqShirazi.TabaqatFuqaha","29261","6","719514"
"row","0385IbnShahin","0385IbnShahin.TarikhAsmaThiqat","29021","11","206091"
"row","0550IbnIbrahimAzdiSalmasi","0550IbnIbrahimAzdiSalmasi.ManazilAimma","27200","1","27200"
"row","0650IbnNazifHamawi","0650IbnNazifHamawi.TarikhMansuri","26879","1","26879"
"row","0611CaliHarawi","0611CaliHarawi.Isharat","26668","1","26668"
"row","0724IbnCattar","0724IbnCattar.TuhfaTalibin","23519","2","25507"
"row","0929IbnKayyal","0929IbnKayyal.KawakibNayyirat","22806","1","22806"
"row","0418WazirMaghribi","0418WazirMaghribi.Inas","22410","3","47509"
"row","0209MacmarIbnMuthanna","0209MacmarIbnMuthanna.Khayl","22194","3","117771"
"row","0640AbuHafsDunaysiri","0640AbuHafsDunaysiri.TarikhDunaysir","21721","1","21721"
"row","0303Nasai","0303Nasai.FadailSahaba","21242","20","1691849"
"row","1086IbnCajamiMisri","1086IbnCajamiMisri.DhaylLubbLubab","21216","1","21216"
"row","0368AbuGhalibZurari","0368AbuGhalibZurari.Risala","21065","1","21065"
"row","0330Sirafi","0330Sirafi.Rihla","19989","1","19989"
"row","0515IbnQattac","0515IbnQattac.DurraKhatira","19980","2","160157"
"row","0466CabdAzizKattani","0466CabdAzizKattani.DhaylTarikhMawlidCulama","17657","2","21763"
"row","1016MuhibbDinHamawi","1016MuhibbDinHamawi.HadiAzcan","17346","2","122218"
"row","0457IbnAhmadSayrafi","0457IbnAhmadSayrafi.Mashyakha","17297","1","17297"
"row","0392IbnJinniMawsili","0392IbnJinniMawsili.MubhijFiTafsirAsmaShucara","17260","11","637832"
"row","0309IbnFadlan","0309IbnFadlan.Rihla","17070","1","17070"
"row","0334IbnSacidQushayri","0334IbnSacidQushayri.TarikhRaqqa","17062","1","17062"
"row","0380Muhallabi","0380Muhallabi.MasalikWaMamalik","17022","1","17022"
"row","0469IbnHayyanQurtubi","0469IbnHayyanQurtubi.Muqtabas","16868","1","16868"
"row","1212WahidBahbahani","1212WahidBahbahani.FawaidRijaliya","16539","1","16539"
"row","1218SalihFulani","1218SalihFulani.QatfThamar","16497","2","82431"
"row","0600IbnJacfarMashhadi","0600IbnJacfarMashhadi.FadlKufa","15850","1","15850"
"row","0696DiyaDinTurkumani","0696DiyaDinTurkumani.Mashyakha","15328","1","15328"
"row","0498AbuCaliJayyani","0498AbuCaliJayyani.TaqyidMuhmal","15227","2","24408"
"row","0538JarAllahZamakhshari","0538JarAllahZamakhshari.JibalWaAmkinaWaMiyah","15184","11","1865724"
"row","1126MuhammadHanbali","1126MuhammadHanbali.Mashyakha","14553","1","14553"
"row","0659SainDinNaccal","0659SainDinNaccal.Mashyakha","14356","1","14356"
"row","0909IbnMibradHanbali","0909IbnMibradHanbali.MucjamKutub","13852","14","278162"
"row","0541IbnCatiyaAndalusi","0541IbnCatiyaAndalusi.Fahrasa","13138","2","1198445"
"row","0360Khawlani","0360Khawlani.TarikhDaraya","12993","1","12993"
"row","1418SalihAhmadArkani","1418SalihAhmadArkani.TihfaMajalis","12696","1","12696"
"row","1419MahmudTanahi","1419MahmudTanahi.MujizFiMarajic","11599","1","11599"
"row","0701SharafDinYunini","0701SharafDinYunini.Mashyakha","11574","1","11574"
"row","0643DiyaDinMuqaddasi","0643DiyaDinMuqaddasi.FadailBaytMaqdis","11181","27","1277905"
"row","0374IbnHusaynAzdi","0374IbnHusaynAzdi.Makhzun","10560","6","26682"
"row","0442Tanukhi","0442Tanukhi.TarikhCulamaNahwiyyin","10376","1","10376"
"row","1346CabbasIbnMuhammadMadani","1346CabbasIbnMuhammadMadani.MukhtasarFathRabbArbab","10017","1","10017"
"row","0368Sirafi","0368Sirafi.AkhbarNahwiyyin","9955","1","9955"
"row","0405AbuFadlHarawi","0405AbuFadlHarawi.MucjamFiMushtabah","9472","1","9472"
"row","0245MuhammadIbnHabib","0245MuhammadIbnHabib.MukhtalafQabail","9374","4","213687"
"row","0705SharafDinDimyatti","0705SharafDinDimyatti.MucjamShuyukh","8973","6","51979"
"row","0195MuarrijSadusi","0195MuarrijSadusi.HadhfMinNasabQuraysh","8918","1","8918"
"row","0809IbnQunfudh","0809IbnQunfudh.Wafayat","8549","2","30235"
"row","0739IbnMuhammadBirzaliIshbili","0739IbnMuhammadBirzaliIshbili.Mashyakha","8494","1","8494"
"row","0747MuhyiDinYunini","0747MuhyiDinYunini.Mashyakha","8463","1","8463"
"row","0511IbnMandahYahya","0511IbnMandahYahya.MacrifaAsamiArdaf","8388","4","19843"
"row","0259IbnYacqubJuzjani","0259IbnYacqubJuzjani.AhwalRijal","8171","2","9691"
"row","0318AbuCurubaHarrani","0318AbuCurubaHarrani.MuntaqaMinTabaqat","7669","4","23806"
"row","0426IbnAhmadIbnShadhan","0426IbnAhmadIbnShadhan.MashyakhaSughra","7657","3","20565"
"row","0807IbnAhmarKhazraji","0807IbnAhmarKhazraji.NafhaNisriniyya","7345","1","7345"
"row","1173IbnCaliMusawiTustari","1173IbnCaliMusawiTustari.TadhyilSulafatCasr","7039","1","7039"
"row","0234AbuHasanSacdi","0234AbuHasanSacdi.TasmiyatManRuwiya","6760","1","6760"
"row","0482AbuIshaqHabbal","0482AbuIshaqHabbal.WafayatMisriyyin","6383","1","6383"
"row","0766IbnIbrahimIbnImamSakhra","0766IbnIbrahimIbnImamSakhra.Mashyakha","6343","1","6343"
"row","0565IbnMuhammadAbuBakrBaghdadi","0565IbnMuhammadAbuBakrBaghdadi.Mashyakha","6056","2","7374"
"row","0301Bardiji","0301Bardiji.TabaqatAsma","5776","2","16967"
"row","0632AbuHafsSuhrawardi","0632AbuHafsSuhrawardi.Mashyakha","5671","1","5671"
"row","0825IbnQasimSabti","0825IbnQasimSabti.IkhtisarAkhbar","5606","1","5606"
"row","0279Tirmidhi","0279Tirmidhi.CilalSaghir","5535","6","809461"
"row","1051Cimadi","1051Cimadi.RawdaRayya","4610","1","4610"
"row","0386IbnCumarHarbi","0386IbnCumarHarbi.Mashyakha","4434","5","24912"
"row","0286Mubarrad","0286Mubarrad.NasabCadnan","4219","1","4219"
"row","0524IbnAkfani","0524IbnAkfani.DhaylDhaylTarikhMawlidCulama","3872","1","3872"
"row","1340HabibAllahSharifKashani","1340HabibAllahSharifKashani.DurraFakhira","3826","1","3826"
"row","0655CabdMuncimTaqiDinShafici","0655CabdMuncimTaqiDinShafici.Fawaid","3297","1","3297"
"row","0110HasanBasri","0110HasanBasri.FadailMakka","3094","1","3094"
"row","0382IbnCabdAllahCaskari","0382IbnCabdAllahCaskari.AkhbarMusahhifin","2980","4","239114"
"row","0216IbnQuraybAsmaci","0216IbnQuraybAsmaci.FuhulaShucara","2576","5","49718"
"row","0516IbnCabdWahidDaqqaqIsbahani","0516IbnCabdWahidDaqqaqIsbahani.MucjamMashaikh","2284","2","3275"
"row","0349IbnCumarMuqri","0349IbnCumarMuqri.AkhbarNahwiyyin","1582","1","1582"
"row","0626IbnAbiGhanaimShamsDinIbnSasra","0626IbnAbiGhanaimShamsDinIbnSasra.Mashyakha","891","1","891"
"row","0346Istakhri","0346Istakhri.MasalikWaMamalik","19","1","19"
