000003110,literature-islamic
000002717,exclude
000001735,period-decline
000001372,period-postclassical
000001372,1000-1258ce
000001284,period-classical
000001284,0750-1000ce
000001224,syria
000001219,history
000001141,period-postmongol
000001141,period-mamluk
000001141,1258-1517ce
000001129,egypt
000001096,hadith
000001025,fiqh
000000685,philology
000000663,historiography
000000594,period-ottoman
000000412,1518-1798ce
000000361,iraq
000000337,encyclopaedias
000000315,polyhistors
000000305,persia
000000302,arabia
000000298,quran-sciences
000000293,hanbalis
000000287,shia
000000260,shafiis
000000258,quran
000000197,poetry
000000182,1799-1882ce
000000166,dogmatics
000000164,history-local
000000160,prose
000000156,spain
000000149,history-universal
000000146,literature-popular
000000142,jazira
000000139,sufism
000000135,education-general
000000131,mysticism
000000127,iran
000000124,hadith-sciences
000000124,cilm-rijal
000000121,baghdad
000000115,hanafis
000000114,arabia-north
000000111,persia-neighbors
000000101,theology
000000093,history-world
000000092,biography-collective
000000092,biography
000000083,imamis
000000079,literature-arabic
000000076,literature-national
000000075,turan
000000074,quran-tafsir
000000074,arabia-south
000000072,geographies
000000072,africa-north
000000070,sciences-hadith
000000063,history-imperial
000000059,philosophy
000000057,malikis
000000056,india
000000049,travelogues
000000049,lesser schools
000000046,baghdad-school
000000043,politics
000000042,zahiris
000000042,almohads
000000035,biography-individuals
000000034,homiletics
000000033,polemics
000000033,history-national
000000032,wahhabis
000000032,paraenetics
000000032,history-individuals
000000030,history-muhammad
000000030,history-caliphs
000000029,period-premuhammad
000000029,basra
000000028,rum
000000028,quran-recitation
000000028,basra-school
000000027,prose-rhymed
000000024,medicine
000000024,edification
000000022,ethics
000000022,adab
000000021,maghrib
000000021,bahrayn
000000021,anatolia
000000019,damascus
000000018,sicily
000000017,history-literary
000000017,history-cultural
000000016,sciences-occult
000000013,history-urban
000000013,genealogy
000000013,doxography
000000012,kalam
000000011,writing
000000010,zaydis
000000010,anthologies
000000009,period-preislamic
000000009,najaf
000000009,kufa-school
000000009,kufa
000000009,karbala
000000009,history-dynasties
000000009,hilla
000000008,literature-fine
000000008,language-arabic
000000008,humanities
000000008,history-arabs
000000008,arts
000000008,administration
000000007,turks
000000007,stylistics
000000007,rumelia
000000007,empire-ottoman
000000006,geography
000000006,dhimmis
000000006,cosmography
000000005,sects-islamic
000000005,piety-personal
000000005,piety
000000005,period-muhammad
000000005,istanbul
000000005,history-prophets
000000005,biography-muhammad
000000005,bibliography
000000005,asceticism
000000005,aleppo
000000004,school-other
000000004,qaramita
000000004,pseudo-calid
000000004,ismaciliyya
000000004,calawiyya
000000003,zoology
000000003,usul
000000003,quran-interpretation
000000003,mathematics
000000003,jurjan
000000003,bayan
000000002,technology
000000002,professions
000000002,natural-sciences
000000002,mecca
000000002,linguistics
000000002,counsel
000000002,astronomy
000000002,astrology
000000002,anthropology
000000002,animals
000000001,veterinary science
000000001,usul-din
000000001,militaria
000000001,jews
000000001,hunting
000000001,dunaysir
000000001,christians
000000001,agriculture
